"Arom Tx Damp","Aromatic and Transform Dampness","Bai Dou Kou","白豆蔻","round cardamon fruit/ cardamon cluster","Fructus Amomi Kravanh"
"Arom Tx Damp","Aromatic and Transform Dampness","Cang Zhu","蒼术","atractylodes rhizome","Atractylodis Rhizoma"
"Arom Tx Damp","Aromatic and Transform Dampness","Cao Dou Kou","草豆蔻","Katsumada's galangal seed/ katsumadai/ alpinia katsumadai","Alpiniae Katsumadai Semen"
"Arom Tx Damp","Aromatic and Transform Dampness","Cao Guo","草果","tsaoko fruit","Tsoko Fructus"
"Arom Tx Damp","Aromatic and Transform Dampness","Guang huo xiang","廣藿香","Patchouli/ pogostemon","Pogostemonis Herba"
"Arom Tx Damp","Aromatic and Transform Dampness","Hong Dou Kou","紅荳蔻","major galangal seeds/ galanga seeds/ spice ginger seeds","Galangae Fructus"
"Arom Tx Damp","Aromatic and Transform Dampness","Hou Po","厚朴","magnolia bark","Cortex Magnoliae Officinalis"
"Arom Tx Damp","Aromatic and Transform Dampness","Huo Xiang","藿香","Pogostemonis/Agastaches Herba/Patchouli","Pogostemonis/Agastaches Herba"
"Arom Tx Damp","Aromatic and Transform Dampness","Pei Lan","佩蘭","eupatorium","Eupatorii Herba"
"Arom Tx Damp","Aromatic and Transform Dampness","Sha Ren","砂仁","amomum fruit/ grains-of-paradise fruit","Fructus Amomi"
"Arom Tx Damp","Aromatic and Transform Dampness","Tu Huo Xiang","土藿香","agastache","Agastaches Herba"
"Stab & Bind","Stabilize and Bind","Bai Guo","白果","ginko nut","Ginkgo Semen"
"Stab & Bind","Stabilize and Bind","Chi Shi Zhi","赤石脂","halloysite/ kaolin","Halloysitum rubrum"
"Stab & Bind","Stabilize and Bind","Chun Gen Pi","椿根皮"," ","Ailanthi Cortex"
"Stab & Bind","Stabilize and Bind","Chun Pi","椿皮","ailanthus bark or root bark","Ailanthi Cortex"
"Stab & Bind","Stabilize and Bind","Fu Pen Zi","覆盆子","Chinese rasberry/ rubus","Rubi Fructus"
"Stab & Bind","Stabilize and Bind","Fu Xiao Mai","浮小麥","light wheat grain","Tritici Fructus Levi"
"Stab & Bind","Stabilize and Bind","Hai Piao Xiao","海螵蛸","cuttlefish bone/ cuttlebone","Sepiae Endoconcha"
"Stab & Bind","Stabilize and Bind","He Zi","訶子","myrobalan fruit/ terminalia/ chebgium","Chebulae Fructus"
"Stab & Bind","Stabilize and Bind","Ji Guan Hua","雞冠花","coxcomb flower","Celosiae cristatae Flos"
"Stab & Bind","Stabilize and Bind","Jin Ying Zi","金櫻子","Cherokee rosehip","Rosae laevigatae Fructus"
"Stab & Bind","Stabilize and Bind","Lian Xu","蓮鬚","lotus stamen","Nelumbinis Stamen"
"Stab & Bind","Stabilize and Bind","Lian Zi","蓮子","lotus seed","Nelumbinis Semen"
"Stab & Bind","Stabilize and Bind","Ma Huang Gen","麻黃根","ephedra root","Ephedrae Radix"
"Stab & Bind","Stabilize and Bind","Nuo Dao Gen","糯稻根","glutinous rice root","Oryzae glutinosae Radix"
"Stab & Bind","Stabilize and Bind","Qian Shi","芡實","euryale seeds","Euryales Semen"
"Stab & Bind","Stabilize and Bind","Rou Dou Kou","肉豆蔻","nutmeg seeds/ myristica","Myristicae Semen"
"Stab & Bind","Stabilize and Bind","Sang Piao Xiao","桑螵蛸","mantis egg-case/ matnis","Mantidis Ootheca"
"Stab & Bind","Stabilize and Bind","Shan Zhu Yu","山茱萸","Asiatic cornelian cherry fruit/ cornus","Corni Fructus"
"Stab & Bind","Stabilize and Bind","Shi Liu Pi","石榴皮","pomegranate husk","Granati Pericarpium"
"Stab & Bind","Stabilize and Bind","Wu Bei Zi","五倍子","gallnut of Chinese sumac","Galla chinensis"
"Stab & Bind","Stabilize and Bind","Wu Mei","烏梅","mume fruit","Mume Fructus"
"Stab & Bind","Stabilize and Bind","Wu Wei Zi","五味子","schisandra fruit","Schizandrae Fructus"
"Stab & Bind","Stabilize and Bind","Ying Su Ke","罌粟殼","opium poppy husk","Papaveris Pericarpium"
"Stab & Bind","Stabilize and Bind","Yu Yu Liang","禹餘糧","limonite/ limonitum","Limonitum"
"Anchor Shen","Anchor/ Settle and Calm the Spirit","Bai Mi","白蜜"," "," "
"Anchor Shen","Anchor/ Settle and Calm the Spirit","Ci Shi","磁石","magnetite","Magnetitum"
"Anchor Shen","Anchor/ Settle and Calm the Spirit","Dai Zhe Shi","代赭石","hematite","Haematitum"
"Anchor Shen","Anchor/ Settle and Calm the Spirit","Dan Nan Xing","膽南星"," ","Arisaema cum Bile"
"Anchor Shen","Anchor/ Settle and Calm the Spirit","Dan Pi","丹皮"," ","Moutan Cortex"
"Anchor Shen","Anchor/ Settle and Calm the Spirit","Fu Ling Pi","茯苓皮"," "," "
"Anchor Shen","Anchor/ Settle and Calm the Spirit","Fu Shen","茯神"," ","Poriae Sclerotium pararadicis"
"Anchor Shen","Anchor/ Settle and Calm the Spirit","Hu Po","琥珀","amber","Succinum"
"Anchor Shen","Anchor/ Settle and Calm the Spirit","Jiang Ban Xia !","薑半夏"," "," "
"Anchor Shen","Anchor/ Settle and Calm the Spirit","Ju Pi","橘皮","Tangerine Peel","Citrus reticulata"
"Anchor Shen","Anchor/ Settle and Calm the Spirit","Long Chi","龍齒","dragon teeth/ fossilized teeth","Fossilia Dentis Mastodi"
"Anchor Shen","Anchor/ Settle and Calm the Spirit","Long Gu","龍骨","dragon bone; fossiized vertebrae","Os Draconis"
"Anchor Shen","Anchor/ Settle and Calm the Spirit","Mu Li","牡蠣","oyster shell","Concha Ostreae"
"Anchor Shen","Anchor/ Settle and Calm the Spirit","Nuo Mi","糯米"," ","Glutinous Rice"
"Anchor Shen","Anchor/ Settle and Calm the Spirit","Sheng Fu Zi","生附子"," "," "
"Anchor Shen","Anchor/ Settle and Calm the Spirit","Sheng Jiang Pi","生薑皮"," "," "
"Anchor Shen","Anchor/ Settle and Calm the Spirit","Sheng Tie Luo","生鐵落","oxidized iron fillings","Ferri Frusta"
"Anchor Shen","Anchor/ Settle and Calm the Spirit","Zhen Zhu","珍珠","pearl","Margarita"
"Anchor Shen","Anchor/ Settle and Calm the Spirit","Zhen Zhu Mu","珍珠母","mother of pearl","Concha Margaritaferae"
"Anchor Shen","Anchor/ Settle and Calm the Spirit","Zhu Sha","朱砂","Cinnabar","Cinnabaris"
"Anchor Shen","Anchor/ Settle and Calm the Spirit","Zi Bei Chi","紫貝齒","cowry shell","Mauritiae/Cypraeae Concha"
"Anchor Shen","Anchor/ Settle and Calm the Spirit","Zi Shi Ying","紫石英","flourite","Fluoritum"
"Cl Heat/Dr Fire","Clear Heat and Drain Fire","Dan Zhu Ye","淡竹葉","lophatherum stem and leaves","Herba Lophatheri Gracilis"
"Cl Heat/Dr Fire","Clear Heat and Drain Fire","Gu Jing Cao","谷精草","pipewort scapus and inflorescence","Eriocauli Flos"
"Cl Heat/Dr Fire","Clear Heat and Drain Fire","Han Shui Shi","寒水石","calcitum","Glauberitum"
"Cl Heat/Dr Fire","Clear Heat and Drain Fire","Jiao Shan Zhi"," ","Gardenia fruit/ Cape Jasmine fruit","Gardenia Fructus"
"Cl Heat/Dr Fire","Clear Heat and Drain Fire","Jiu Chao Zhi Mu"," ","anemarrhena rhizome","Anemarrhenae Rhizoma"
"Cl Heat/Dr Fire","Clear Heat and Drain Fire","Jue Ming Zi","決明子","foetid cassia seed/ cassia","Semen Cassiae"
"Cl Heat/Dr Fire","Clear Heat and Drain Fire","Lian Xin","蓮心","lotus plumule","Plumula Nelumbinis Nuciferae"
"Cl Heat/Dr Fire","Clear Heat and Drain Fire","Lian Zi Xin","蓮子心","lotus plumule","Nelumbinis Plumula"
"Cl Heat/Dr Fire","Clear Heat and Drain Fire","Lu Gen","蘆根","reed rhizome","Rhizoma Phragmitis Communis"
"Cl Heat/Dr Fire","Clear Heat and Drain Fire","Mi Meng Hua","密蒙花","Buddleia flower bud","Buddlejae Flos"
"Cl Heat/Dr Fire","Clear Heat and Drain Fire","Qing Xiang Zi","青葙子","celosia seeds","Celosiae Semen"
"Cl Heat/Dr Fire","Clear Heat and Drain Fire","Shi Gao","石膏","gypsum","Gypsum"
"Cl Heat/Dr Fire","Clear Heat and Drain Fire","Tian Hua Fen","天花粉","trichosanthes root","Radix Trichosanthis Kirilowii"
"Cl Heat/Dr Fire","Clear Heat and Drain Fire","Xi Gua","西瓜","watermelon fruit","Citrulli Fructus"
"Cl Heat/Dr Fire","Clear Heat and Drain Fire","Xia Ku Cao","夏枯草","selfheal spike/ prunella","Spica Prunellae Vulgaris"
"Cl Heat/Dr Fire","Clear Heat and Drain Fire","Xiong Dan","熊膽","bear gallbladder","Vessica Fellea Ursi"
"Cl Heat/Dr Fire","Clear Heat and Drain Fire","Ya Zhi Cao","鴨跖草","common dayflower herb","Commelinae Herba"
"Cl Heat/Dr Fire","Clear Heat and Drain Fire","Ye Ming Sha","夜明砂","bat feces","Vespertillionis Faeces"
"Cl Heat/Dr Fire","Clear Heat and Drain Fire","Zhi Mu","知母","anemarrhena rhizome","Rhizoma Anemarrhenae Asphodeloidis"
"Cl Heat/Dr Fire","Clear Heat and Drain Fire","Zhi Zi","梔子","cape jasmine fruit/ gardenia","Gardeniae Fructus"
"Cl Heat/Dr Fire","Clear Heat and Drain Fire","Zhu Ye","竹葉","Bamboo Leaves","Phyllostachys nigrae Folium"
"Cl Heat/Cool Blood","Clear Heat and Cool Blood","Mu Dan Pi","牡丹皮","moutan root bark/ tree peony root bark","Cortex Moutan Radicis"
"Cl Heat/Cool Blood","Clear Heat and Cool Blood","Sheng Di Huang","生地黃","Chinese foxglove root/ rehmannia (fresh)/Rehmannia root","Radix Rehmanniae Glutinosae"
"Cl Heat/Cool Blood","Clear Heat and Cool Blood","Shui Niu Jiao","水牛角","water buffalo horn","Cornu Bubali"
"Cl Heat/Cool Blood","Clear Heat and Cool Blood","Xi Jiao","犀角","rhinoceros horn","Cornu. Rhinoceri"
"Cl Heat/Cool Blood","Clear Heat and Cool Blood","Xuan Shen","玄參","ningpo figwort root/ scrophularia","Radix Scrophulariae Ningpoensis"
"Cl Heat/Cool Blood","Clear Heat and Cool Blood","Zi Cao","紫草","groomwell root/ lithospermum/ arnebia","Radix Arnebiae seu Lithospermi"
"Clear Xu Heat","Clear Heat from Deficiency","Bai Wei","白薇","swallowwort root/ cynanchi root","Radix Cynanchi Baiwei"
"Clear Xu Heat","Clear Heat from Deficiency","Di Gu Pi","地骨皮","wolfberry root (cortex)/ lycium bark","Cortex Lycii Radicis"
"Clear Xu Heat","Clear Heat from Deficiency","Hu Huang Lian","胡黄蓮","picrorhiza rhizome","Picrorhizae Rhizoma"
"Clear Xu Heat","Clear Heat from Deficiency","Qing Hao","青蒿","wormwood/ ching-hao/ sweet wormwood","Herba Artemesiae Annuae"
"Clear Xu Heat","Clear Heat from Deficiency","Yin Chai Hu","銀柴胡","stellaria root","Radix Stellariae"
"Clear Damp Heat","Clear Heat and Dry Dampness ","Chao Huang Bai","炒黃柏","phellodendron bark/ amur cork-tree bark","Phellodendri Cortex"
"Clear Damp Heat","Clear Heat and Dry Dampness ","Huang Bai","黃栢","amur cork tree bark/ phellodendron bark","Cortex Phellodendri"
"Clear Damp Heat","Clear Heat and Dry Dampness ","Huang Lian","黃蓮","coptis rhizome","Rhizoma Coptidis"
"Clear Damp Heat","Clear Heat and Dry Dampness ","Huang Qin","黃苓","baical skullcap root/ scutellaria/ scute","Radix Scutellariae Baicalensis"
"Clear Damp Heat","Clear Heat and Dry Dampness ","Jiu Chao Huang Bai"," ","phellodendron bark/ amur cork-tree bark","Phellodendri Cortex"
"Clear Damp Heat","Clear Heat and Dry Dampness ","Ku Shen","苦參","sophora root/ flavescent sophora root","Radix Sophorae Flavescentis"
"Clear Damp Heat","Clear Heat and Dry Dampness ","Long Dan Cao","龍膽草","Chinese gentian root/ gentiana root","Radix Gentianae Longdancao"
"Clear Damp Heat","Clear Heat and Dry Dampness ","Qin Pi","秦皮","Korean ash branch bark/ fraxinus/ Korean ash bark/ ash bark","Cortex Fraxini"
"Clear Heat / Resolve Tox","Clear Heat and Resolves Toxicity ","Bai Hua She She Cao","百花蛇舌草","heydyotis/ oldenlandia","Hedyotis diffusae Herba"
"Clear Heat / Resolve Tox","Clear Heat and Resolves Toxicity ","Bai Jiang Cao","敗醬草","patrinia/ thiaspi","Herba cum Radice Patriniae"
"Clear Heat / Resolve Tox","Clear Heat and Resolves Toxicity ","Bai Lian","白蘞","ampelopsis","Ampelopsis Radix"
"Clear Heat / Resolve Tox","Clear Heat and Resolves Toxicity ","Bai Tou Weng","白頭翁","Chinese anemone root/ pulsatilla/ anemone","Radix Pulsatillae"
"Clear Heat / Resolve Tox","Clear Heat and Resolves Toxicity ","Bai Xian Pi","白藓皮","Chinese dittany root (cortex)/ dictamnus root bark","Cortex Dictamni Radicis"
"Clear Heat / Resolve Tox","Clear Heat and Resolves Toxicity ","Ban Lan Gen","板藍根","indigowoad root/ Chinese Woad/ indigo woad root/ Isatis root","Radix Isatidis seu Baphicacanthi"
"Clear Heat / Resolve Tox","Clear Heat and Resolves Toxicity ","Ban Zhi Lian","半枝蓮","barbat skullcap/ bearded scutellaria/ scutellaria","Herba Scutellariae Barbatae."
"Clear Heat / Resolve Tox","Clear Heat and Resolves Toxicity ","Bei Ban Lan Gen","北板藍根","isatis root/ woad root","Isatidis Radix"
"Clear Heat / Resolve Tox","Clear Heat and Resolves Toxicity ","Bei Dou Gen","北豆根","Asiatic moonseed rhizome","Menispermi Rhizoma"
"Clear Heat / Resolve Tox","Clear Heat and Resolves Toxicity ","Chong Lou","重樓","paris rhizome","Paridis Rhizoma"
"Clear Heat / Resolve Tox","Clear Heat and Resolves Toxicity ","Chuan Xin Lian","穿心蓮","andrographis/ green chiretta/ kariyat","Andrographitis Herba"
"Clear Heat / Resolve Tox","Clear Heat and Resolves Toxicity ","Chui Pen Cao","垂盆草","hanging stonecrop/ stringy stonecrop","Sedi Herba"
"Clear Heat / Resolve Tox","Clear Heat and Resolves Toxicity ","Da Qing Ye","大青葉","Chinese Woad/ Woad leaf (Isatis)/ indigo/ indigowoad leaf","Folium Daqingye"
"Clear Heat / Resolve Tox","Clear Heat and Resolves Toxicity ","He Ye","荷葉","lotus leaf","Folium Nelumbinis Nuciferae"
"Clear Heat / Resolve Tox","Clear Heat and Resolves Toxicity ","Hong Teng","紅藤","sargentodoxa vine","Sargentodoxae Caulis"
"Clear Heat / Resolve Tox","Clear Heat and Resolves Toxicity ","Hong Tian Kui","紅天葵","tes begonia/ begonia","Begoniae fimbristipulatae Herba"
"Clear Heat / Resolve Tox","Clear Heat and Resolves Toxicity ","Ji Gu Cao","雞骨草","prayer- beads/ Canton love-pea vine","Abri Herba"
"Clear Heat / Resolve Tox","Clear Heat and Resolves Toxicity ","Ji Xue Cao","积雪草","centella/ Asiatic pennywort","Centellae Herba"
"Clear Heat / Resolve Tox","Clear Heat and Resolves Toxicity ","Jin Sha Teng","金沙藤","Japanese fern/ lygodium","Herba Lygodii Japonicae"
"Clear Heat / Resolve Tox","Clear Heat and Resolves Toxicity ","Jin Yin Hua","金銀花","honeysuckle flower/ lonicera","Flos Lonicerae Japonicae"
"Clear Heat / Resolve Tox","Clear Heat and Resolves Toxicity ","Lian Qiao","連翹","forsythia fruit","Forsythiae Fructus"
"Clear Heat / Resolve Tox","Clear Heat and Resolves Toxicity ","Long Kui","龍葵","black nightshade","Solani nigri Herba"
"Clear Heat / Resolve Tox","Clear Heat and Resolves Toxicity ","Lou Lu","漏蘆","rhaponticum root","Rhapontici Radix"
"Clear Heat / Resolve Tox","Clear Heat and Resolves Toxicity ","Lu Dou","綠豆","mung bean/ phaseolus","Semen Phaseoli"
"Clear Heat / Resolve Tox","Clear Heat and Resolves Toxicity ","Ma Bo","馬勃","fruiting body of puffball/ lasiosphaera","Fructus Lasiosphere"
"Clear Heat / Resolve Tox","Clear Heat and Resolves Toxicity ","Ma Chi Xian","馬齒莧","purslane/ portulaca","Herba Portulacae"
"Clear Heat / Resolve Tox","Clear Heat and Resolves Toxicity ","Nan Ban Lan Gen","南板藍根","baphicacanthus root","Baphicacanthis cusiae Rhizoma et Radix"
"Clear Heat / Resolve Tox","Clear Heat and Resolves Toxicity ","Nan Ban Lan Ye","南板藍葉","baphicacanthus leaf","Baphicacanthis Folium"
"Clear Heat / Resolve Tox","Clear Heat and Resolves Toxicity ","Pu Gong Ying","蒲公英","dandelion/ taraxacum","Herba Taraxaci Mongolicae cum Radice"
"Clear Heat / Resolve Tox","Clear Heat and Resolves Toxicity ","Qing Dai","青黛","indigo/ wood leaf (isatis)","Indigo naturalis"
"Clear Heat / Resolve Tox","Clear Heat and Resolves Toxicity ","Qing Guo","青果","Chinese white olive","Canarii Fructus"
"Clear Heat / Resolve Tox","Clear Heat and Resolves Toxicity ","Quan Shen","拳參","bistort rhizome","Bistortae Rhizoma"
"Clear Heat / Resolve Tox","Clear Heat and Resolves Toxicity ","Ren Dong Teng","忍冬藤","honeysuckle vine/ lonicera vine","Lonicerae Caulis"
"Clear Heat / Resolve Tox","Clear Heat and Resolves Toxicity ","Shan Ci Gu","山慈菇","cremastra/pleione","Cremastrae/Pleiones Pseudobulbus"
"Clear Heat / Resolve Tox","Clear Heat and Resolves Toxicity ","Shan Dou Gen","山豆根","subprostrate/ sophora root/ bushy sophora","Sophorae tonkinensis Radix"
"Clear Heat / Resolve Tox","Clear Heat and Resolves Toxicity ","She Gan","射干","belamcanda rhizome","Belamcandae Rhizoma"
"Clear Heat / Resolve Tox","Clear Heat and Resolves Toxicity ","Shi Shang Bai","石上柏","selaginella","Selaginellae doederleinii Herba"
"Clear Heat / Resolve Tox","Clear Heat and Resolves Toxicity ","Si Gua Luo","絲瓜絡","loofah/ luffa/ dried skeleton of vegetable sponge","Luffae Fructus Retinervus"
"Clear Heat / Resolve Tox","Clear Heat and Resolves Toxicity ","Su Bai Jiang","蘇敗醬","thlaspi","Thlaspi Herba"
"Clear Heat / Resolve Tox","Clear Heat and Resolves Toxicity ","Tian Kui Zi","天葵子","semiaquilegia root and tuber/ thousand year mouse stool","Semiaquilegiae Radix"
"Clear Heat / Resolve Tox","Clear Heat and Resolves Toxicity ","Tu Fu Ling","土茯苓","glabrous greenbrier rhizome/ smilax/ smooth greenbrier rhizome/ smilax","Rhizoma Smilacis Glabrae"
"Clear Heat / Resolve Tox","Clear Heat and Resolves Toxicity ","Tu Niu Xi","土牛膝","local achyranthis root/ native achyranthis root","Achyranthis Radix terrena"
"Clear Heat / Resolve Tox","Clear Heat and Resolves Toxicity ","Wan Nian Qing","萬年青","rohdea root","Rohdeae japonicae Radix"
"Clear Heat / Resolve Tox","Clear Heat and Resolves Toxicity ","Wei Ling Cai","委陵菜","Chinese silverweed/ Chinese cinquefoil","Potentillae chinensis Herba"
"Clear Heat / Resolve Tox","Clear Heat and Resolves Toxicity ","Ya Dan Zi","鴉膽子","brucea fruit/ java brucea fruit","Bruceae Fructus"
"Clear Heat / Resolve Tox","Clear Heat and Resolves Toxicity ","Ye Ju Hua","野菊花","wild chrysanthemum flower","Flos Chrysanthemi Indici"
"Clear Heat / Resolve Tox","Clear Heat and Resolves Toxicity ","Yu Xing Cao","魚腥草","houttuynia","Herba Houttuyniae"
"Clear Heat / Resolve Tox","Clear Heat and Resolves Toxicity ","Yu Zhou Lou Lu","禹州漏蘆","echinops","Echinopsis Radix"
"Clear Heat / Resolve Tox","Clear Heat and Resolves Toxicity ","Zi Bei Tian Kui"," ","Begonia","Herba Begoniae Fimbristipulatae"
"Clear Heat / Resolve Tox","Clear Heat and Resolves Toxicity ","Zi Hua Di Ding","紫花地丁","violet/ viola/ Yedeon's violet/ Yedo violet","Herba Violae"
"Clear Summerheat","Clear Heat and Relieve Summerheat ","Bai Bian Dou","白扁豆","hyacinth bean/ dolichos/ lablab","Lablab Semen album"
"D-W-D","Dispel Wind-Damp ","Bai Hua She","白花蛇","agkistrodon; bungarus/ multibranded snake (organs removed)","Agkistrodon seu Bunganus"
"D-W-D","Dispel Wind-Damp ","Can Sha","蠶砂","silkworm feces","Excrementum Bombycis Mori"
"D-W-D","Dispel Wind-Damp ","Chou Wu Tong","臭梧桐","clerodendron leaf","Clerodendri Folium"
"D-W-D","Dispel Wind-Damp ","Chuan Shan Long","穿山龍","Japanese dioscorea rhizome","Dioscoreaceae nipponicae Rhizoma"
"D-W-D","Dispel Wind-Damp ","Chuan Tong Pi","川桐皮","kalopanax bark","Kalopanacis Cortex"
"D-W-D","Dispel Wind-Damp ","Du Huo","獨活","pubescent angelica root/ angelica root/ tu-huo","Radix Angelicae Pubiscentis"
"D-W-D","Dispel Wind-Damp ","Hai Feng Teng","海風藤","kadsura stem/ futokadsura stem","Caulis Piperis Futokadursae"
"D-W-D","Dispel Wind-Damp ","Hai Tong Pi","海桐皮","coral-bean bark/ erythrina bark","Cortex Erythrineae"
"D-W-D","Dispel Wind-Damp ","Hu Gu","虎骨","tiger bone","Os Tigris"
"D-W-D","Dispel Wind-Damp ","Hu Ji Sheng","槲寄生","colored mistletoe","Visci Herba"
"D-W-D","Dispel Wind-Damp ","Jin Qian Bai Hua She","金錢百花蛇","multibanded krati","Bungarus"
"D-W-D","Dispel Wind-Damp ","Kuan Jin Teng","寬筋藤","Chinese tinospora stem","Tinosporae sinensis Caulis"
"D-W-D","Dispel Wind-Damp ","Lao Guan Cao","老顴草","cranesbill/ crane's bill/ common heron's bill herb","Erodii/Geranii Herba"
"D-W-D","Dispel Wind-Damp ","Liang Mian Zhen","兩面針","shiny bramble/ shiny prickly-ash","Zanthoxyli Radix"
"D-W-D","Dispel Wind-Damp ","Lu Xian Cao","鹿啣草","pyrol","Pyrolae Herba"
"D-W-D","Dispel Wind-Damp ","Luo Shi Teng","絡石藤","star jasmine stem","Trachelospermi Caulis"
"D-W-D","Dispel Wind-Damp ","Luo Shi Teng 2"," ","star jasmine stem","Trachelospermi Caulis"
"D-W-D","Dispel Wind-Damp ","Mu Gua","木瓜","Chinese quince fruit/ chaenomeles","Fructus Chaenomelis"
"D-W-D","Dispel Wind-Damp ","Mu Mian Pi","木棉皮","bombax bark","Bombacis malabarici Cortex"
"D-W-D","Dispel Wind-Damp ","Qi She","蘄蛇","agkistrodon","Agkistrodon"
"D-W-D","Dispel Wind-Damp ","Qian Nian Jian","千年健","homalomena rhizome","Homalomenae Rhizoma"
"D-W-D","Dispel Wind-Damp ","Qin Jiao","秦艽","large gentian root/ gentiana macropylla root/ chin-chiu","Radix Gentianae Qinjiao"
"D-W-D","Dispel Wind-Damp ","Qing Feng Teng","青風藤","orient vine","Sinomenii Caulis"
"D-W-D","Dispel Wind-Damp ","Sang Ji Sheng","桑寄生","mulberry mistletoe stems; taxillus/ mistletoe","Ramulus Sangjisheng"
"D-W-D","Dispel Wind-Damp ","Sang Zhi","桑枝","mulberry twig/morus twig","Ramulus Mori Albae"
"D-W-D","Dispel Wind-Damp ","She Tui","蛇蛻","snake skin slough","Serpentis Periostracum"
"D-W-D","Dispel Wind-Damp ","Shen Jin Cao","伸筋草","ground pine/ common clubmoss","Lycopodii Herba"
"D-W-D","Dispel Wind-Damp ","Song Jie","松節","knotty pine wood","Lignum Pini Nodi"
"D-W-D","Dispel Wind-Damp ","Tou Gu Cao","透骨草","Garden Balsam","Caulis Impatientis"
"D-W-D","Dispel Wind-Damp ","Wei Ling Xian","威靈仙","Chinese clematis root/ clematis","Radix Clematidis"
"D-W-D","Dispel Wind-Damp ","Wu Jia Pi","五加皮","Eleutherococcus root bark/ acanthopanax root bark","Cortex Acanthopanacis Gracilistylus Radicis"
"D-W-D","Dispel Wind-Damp ","Wu Shao She","烏梢蛇","zaocys/ black-striped snake","Zaocys Dhumnades"
"D-W-D","Dispel Wind-Damp ","Xi Xian Cao","稀薟草","siegesbeckia","Herba Siegesbeckiae"
"D-W-D","Dispel Wind-Damp ","Xiang Jia Pi","香加皮","Chinese silkvine root bark","Periplocae Cortex"
"D-W-D","Dispel Wind-Damp ","Xu Chang Qing","徐長卿","paniculate cynanchum/ paniculate swallow-wort root","Cynanchi paniculati Radix"
"D-W-D","Dispel Wind-Damp ","Zhe Tong Pi","浙桐皮","zanthoxylum bark","Zanthoxyli Cortex"
"Moist Lax","Moistening Laxatives ","Huo Ma Ren","火麻仁","hemp seeds/ canabis seeds/ linum","Semen Cannabis Sativae"
"Moist Lax","Moistening Laxatives ","Yu Li Ren","鬱李仁","bush cherry pit","Semen Pruni"
"Purgatives","Purgatives","Da Huang","大黄","rhubarb root and rhizome","Radix et Rhizoma Rhei"
"Purgatives","Purgatives","Fan Xie Ye","蕃瀉葉","senna leaf","Folium Sennae"
"Purgatives","Purgatives","Lu Hui","蘆薈","dried juice concentrate of aloe leaves","Aloe"
"Purgatives","Purgatives","Mang Xiao","芒硝","mirabilite/ glauber's salt","Natrii Sulfas"
"Harsh Expellants","Harsh Expellants (Cathartics) ","Ba Dou","巴豆","croton seed","Semen Croton Tiglii"
"Harsh Expellants","Harsh Expellants (Cathartics) ","Da Ji","大戟","Peking spurge root/ euphorbia","Euphorbia perinenis Rupr. or Knoxia valerianoides Thorel"
"Harsh Expellants","Harsh Expellants (Cathartics) ","Gan Sui","甘遂","kan-sui root","Radix Euphorbiae Kansui"
"Harsh Expellants","Harsh Expellants (Cathartics) ","Hong Da Ji","紅大戟","knoxia root","Knoxiae Radix"
"Harsh Expellants","Harsh Expellants (Cathartics) ","Jing Da Ji","京大戟","euphorbia root","Euphorbiae pekinensis Radix"
"Harsh Expellants","Harsh Expellants (Cathartics) ","Qian Niu Zi","牽牛子","morning glory seeds/ pharbitis","Semen Pharbitidis"
"Harsh Expellants","Harsh Expellants (Cathartics) ","Shang Lu","商陸","poke root/ phytolacca","Phytolaccae Radix"
"Harsh Expellants","Harsh Expellants (Cathartics) ","Yuan Hua","芫花","genkwa flower","Flos Daphnes Genkwa"
"Drain Damp","Drain Dampness (Diuretics) ","Ban Bian Lian","半邊蓮","Chinese lobelia (with root)/ lobelia","Herba Lobeliae Chinensis cum Radice"
"Drain Damp","Drain Dampness (Diuretics) ","Bi Xie","萆薢","fish-poison yam rhizome/ tokoro","Herba Dioscoreae Hypoglaucae"
"Drain Damp","Drain Dampness (Diuretics) ","Bian Xu","萹蓄","knotgrass/ knotweed/ polygonum","Herba Polygoni Avicularis"
"Drain Damp","Drain Dampness (Diuretics) ","Che Qian Zi","車前子","plantago seeds","Semen Plantaginis"
"Drain Damp","Drain Dampness (Diuretics) ","Chi Xiao Dou","赤小豆","adzuki bean/ rice bean/ phaseolus","Semen Phaseoli Calcarati"
"Drain Damp","Drain Dampness (Diuretics) ","Chuan Mu Tong","川木通","clematidis caulis","Clematidis armandii Caulis"
"Drain Damp","Drain Dampness (Diuretics) ","Deng Xin Cao","燈芯草","juncus pith/ rush pith","Medulla Junci Effusi"
"Drain Damp","Drain Dampness (Diuretics) ","Di Fu Zi","地膚子","broom cypres/ kocia fruit","Fructus Kochiae Scopariae"
"Drain Damp","Drain Dampness (Diuretics) ","Dong Gua Pi","冬瓜皮","winter melon rind","Benincasae Exocarpium"
"Drain Damp","Drain Dampness (Diuretics) ","Dong Gua Ren","冬瓜仁","Winter melon or wax gourd seed","Semen Benincassiae Hispidae"
"Drain Damp","Drain Dampness (Diuretics) ","Dong Gua Zi","冬瓜子","winter melon seed/ wax gourd seed/ benincasa","Benincasae Semen"
"Drain Damp","Drain Dampness (Diuretics) ","Dong Kui Guo","冬葵果","mallow fruit/ cluster mallow fruit","Malvae Fructus"
"Drain Damp","Drain Dampness (Diuretics) ","Dong Kui Zi","冬葵子","musk mallow seeds (m. verticillata)","Semen Abutili seu Malvae; Agrimoniae Herba"
"Drain Damp","Drain Dampness (Diuretics) ","Fu Ling","茯苓","poria/ sclerotium of tuckahoe/ China root/ hoelen/ Indian bread","Sclerotium Poriae Cocos"
"Drain Damp","Drain Dampness (Diuretics) ","Guang Fang Ji","廣防己","aristolochia root/ stephania","Radix Aristolochiae Fangji"
"Drain Damp","Drain Dampness (Diuretics) ","Guang Jin Qian Cao","廣金錢草","desmodium/ snowbell leaf tick clover","Desmodii styracifolii Herba"
"Drain Damp","Drain Dampness (Diuretics) ","Hai Jin Sha","海金沙","lygodium spore","Lygodii Spora"
"Drain Damp","Drain Dampness (Diuretics) ","Han Fang Ji","漢防己","stephania root","Stephaniae tetrandrae Radix"
"Drain Damp","Drain Dampness (Diuretics) ","Han Fang Ji 2","漢防己","stephania root","Radix Stephaniae Tetrandrae"
"Drain Damp","Drain Dampness (Diuretics) ","Hua Shi","滑石","talcum","Talcum"
"Drain Damp","Drain Dampness (Diuretics) ","Jin Qian Cao","金錢草","lysimachia","Herba Lysimachiae"
"Drain Damp","Drain Dampness (Diuretics) ","Lian Qian Cao","連錢草","glechoma/ longtube ground ivy","Glechomae Herba"
"Drain Damp","Drain Dampness (Diuretics) ","Mian Bi Xie","綿萆薢","seven-lobed yam rhizome","Dioscoreae septemlobae Rhizoma"
"Drain Damp","Drain Dampness (Diuretics) ","Mu Fang Ji","木防己","cocculus root","Cocculi Radix"
"Drain Damp","Drain Dampness (Diuretics) ","Mu Tong","木通","akebia caulis","Caulis Mutong"
"Drain Damp","Drain Dampness (Diuretics) ","Qing Ma Zi","檾麻子","Indian mallow seed/ chingma abutilon seed","Abutili Semen"
"Drain Damp","Drain Dampness (Diuretics) ","Qu Mai","瞿麥","dianthus/ fringed pink/ Chinese pink","Herba Dianthi"
"Drain Damp","Drain Dampness (Diuretics) ","Shi Wei","石葦","pyrrosia leaf","Folium Pyrrosiae"
"Drain Damp","Drain Dampness (Diuretics) ","Tong Cao","通草","rice paper plant pith/ tetrapanax","Tetrapanacis Medulla"
"Drain Damp","Drain Dampness (Diuretics) ","Yi Yi Ren","薏苡仁","coix seeds/ Job's tears","Semen Coicis Lachrymae Jobi"
"Drain Damp","Drain Dampness (Diuretics) ","Yin Chen","茵陳","virgate wormwood","Artemisiae scopariae Herba"
"Drain Damp","Drain Dampness (Diuretics) ","Yin Chen Hao","茵陳蒿","yinchenhao shoots and leaves/ capillaris","Herba Artemesiae Yinchenhao"
"Drain Damp","Drain Dampness (Diuretics) ","Yu Mi Xu","玉米鬚","cornsilk","Styluis Zeae Mays"
"Drain Damp","Drain Dampness (Diuretics) ","Ze Xie","澤瀉","alisma rhizome/ water plantain","Rhizoma Alismatis Orientalis"
"Drain Damp","Drain Dampness (Diuretics) ","Zhu Ling","豬苓","polyporus","Polyporus"
"Expel Parasites","Expel Parasites","Bing Lang","檳榔","betel nut; areca seed; areaca","Semen Arecae Catechu"
"Expel Parasites","Expel Parasites","Chang Shan","常山","dichroa root","Dichroae Radix"
"Expel Parasites","Expel Parasites","Da Suan","大蒜","garlic bulb","Allii sativi Bulbus"
"Expel Parasites","Expel Parasites","Fei Zi","榧子","torreya seeds","Torreyae Semen"
"Expel Parasites","Expel Parasites","Guan Zhong","貫衆","cyrtomium","Herba Guanzhong"
"Expel Parasites","Expel Parasites","He Shi","鶴虱","carpesium fruit","Carpesii abrotanoidis Fructus"
"Expel Parasites","Expel Parasites","Ku Lian Gen Pi","苦楝根皮","chinaberry bark/ chinaberry root bark/ melia bark/ melia root bark","Cortex Meliae Radicis"
"Expel Parasites","Expel Parasites","Ku Lian Pi","苦楝皮","chinaberry bark or root bark/ melia bark or root bark","Meliae Cortex"
"Expel Parasites","Expel Parasites","Lei Wan","雷丸","fruiting body of Omphalia","Omphalia"
"Expel Parasites","Expel Parasites","Mian Ma Guan Zhong","綿馬貫眾","dryopteris root/ shield-fern","Dryopteridis crassirhizomae Rhizoma"
"Expel Parasites","Expel Parasites","Nan Gua Zi","南瓜子","Pumpkin seeds and husks","Semen Cucurbitae Moschatae"
"Expel Parasites","Expel Parasites","Nan He Shi","南鹤虱","daucus fruit","Carotae Fructus"
"Expel Parasites","Expel Parasites","Shi Jun Zi","使君子","Rangoon creeper fruit with seeds/ quisqualis","Fructus Qisqualis Indicae"
"Expel Parasites","Expel Parasites","Wu Yi","蕪荑","elm cake/ paste made from the fruit of the stinking elm","Ulmi macrocarpae Fructus"
"External","External Application ","Bai Fan","白礬","alum","Alumen"
"External","External Application ","Ban Mao","斑蝥","mylabris/ cantharides","Mylabris"
"External","External Application ","Chan Su","蟾酥","toad venum/ toad venom","Secretio Bufonis"
"External","External Application ","Da Feng Zi","大楓子","hydnocarpus seeds/ chaulmoogra","Hydnocarpi Semen"
"External","External Application ","Er Cha","兒茶","black cutch/ catechu/ cutch","Catechu"
"External","External Application ","Feng Fang","蜂房","wasp nest","Vespae Nidus"
"External","External Application ","Liu Huang","硫磺","sulfur powder/ sulfur","Sulfur"
"External","External Application ","Lu Feng Fang","露蜂房","wasp nest","Nidus Vespae"
"External","External Application ","Lu Gan Shi","爐甘石","calamine/ smithsonite","Calamina"
"External","External Application ","Ma Qian Zi","馬錢子","Nux-vomica seeds","Semen Strychni"
"External","External Application ","Ming Fan","明礬","alum","Alumen"
"External","External Application ","Mu Bie Zi","木鳖子","momordica seeds","Momordicae Semen"
"External","External Application ","Peng Sha","硼砂","borax","Borax"
"External","External Application ","Qian Dan","鉛丹","minium/ lead oxide","Minium"
"External","External Application ","Qing Fen","輕粉"," "," "
"External","External Application ","She Chuang Zi","蛇床子","cnidium seeds","Fructus Cnidii Monnieri"
"External","External Application ","Tu Jing Pi","土荆皮","golden larch bark","Pseudolaricis Cortex"
"External","External Application ","Xiong Huang","雄黄","borneol","Realgar"
"External","External Application ","Zhang Nao","樟腦","camphor","Camphora"
"Ext Wind","Extinguish Wind and Stops Tremors ","Bai Ji Li","白蒺蔾","caltrop fruit; puncture-vine fruit","Fructus Tribuli Terristris"
"Ext Wind","Extinguish Wind and Stops Tremors ","Bai Jiang Can","白僵蠶","silkworm/ body of sick silkworm","Bombyx batryticatus"
"Ext Wind","Extinguish Wind and Stops Tremors ","Ci Ji Li","刺蒺藜","caltrop fruit/ puncture-vine fruit/ tribulus","Tribuli Fructus"
"Ext Wind","Extinguish Wind and Stops Tremors ","Di Long","地龍","earthworm; lumbricus","Lumbricus"
"Ext Wind","Extinguish Wind and Stops Tremors ","Gou Teng","芶藤","stems of gambir vine; gambir/ uncaria vine","Ramulus Uncariae cum Uncis"
"Ext Wind","Extinguish Wind and Stops Tremors ","Jiang Can","僵蠶","silkworm; body of sick silkworm","Bombyx Batryticatus"
"Ext Wind","Extinguish Wind and Stops Tremors ","Ling Yang Jiao","羚羊角","antelope horn","Cornu Antelopis"
"Ext Wind","Extinguish Wind and Stops Tremors ","Lu Dou Yi","綠豆衣","soybean skin","Glycinis Testa"
"Ext Wind","Extinguish Wind and Stops Tremors ","Luo Bu Ma Ye","羅布麻葉","dogbane leaf","Apocyni veneti Folium"
"Ext Wind","Extinguish Wind and Stops Tremors ","Quan Xie","全蝎","scorpion; buthus","Buthus Martensi"
"Ext Wind","Extinguish Wind and Stops Tremors ","Shi Jue Ming","石决明","abalone shell","Concha. Haliotidis"
"Ext Wind","Extinguish Wind and Stops Tremors ","Tian Ma","天麻","gastrodia rhizome","Rhizoma Gastrodiae Elatae"
"Ext Wind","Extinguish Wind and Stops Tremors ","Wu Gong","蜈蚣","centipede; scolopendra","Scolopendrae Subspinipes"
"Nourish Ht/Calm Spirit","Nourish the Heart and Calm the Spirit ","Bai Zi Ren","柏子仁","arbor-vitae seed; biota seed","Semen Biotae Orientalis"
"Nourish Ht/Calm Spirit","Nourish the Heart and Calm the Spirit ","He Huan Hua","合歡花","the flower of albizzia tree","Albiziae Flos"
"Nourish Ht/Calm Spirit","Nourish the Heart and Calm the Spirit ","He Huan Pi","合歡皮","Albizzia bark","Cortex Albizziae Julibrissin"
"Nourish Ht/Calm Spirit","Nourish the Heart and Calm the Spirit ","Ling Zhi","靈芝","ganoderma/ reishi","Ganoderma"
"Nourish Ht/Calm Spirit","Nourish the Heart and Calm the Spirit ","Suan Zao Ren","酸棗仁","sour jujube seed; zizyphus","Semen Zizyphi Spinosae"
"Nourish Ht/Calm Spirit","Nourish the Heart and Calm the Spirit ","Ye Jiao Teng","夜交藤","crydalis rhizome","Caulis Polygoni Multiflori"
"Nourish Ht/Calm Spirit","Nourish the Heart and Calm the Spirit ","Yuan Zhi","遠志","Chinese senega root; polygala","Radix Polygalae Tenuifoliae"
"Open Orifices","Open the Orifices","An Xi Xiang","安息香","Benzoin/ Gum benzoin/ Siam Benzoin/ Sumatra Benzoin/ Gum Benjamin","Benzoinum"
"Open Orifices","Open the Orifices","Bing Pian","冰片","borneol","Borneolum"
"Open Orifices","Open the Orifices","Niu Huang","牛黃","cattle gallstone; bezoar","Calculus Bovis"
"Open Orifices","Open the Orifices","She Xiang","麝香","naval secretions of musk deer; musk","Secretio Moschus"
"Open Orifices","Open the Orifices","Shi Chang Pu","石菖蒲","sweetflag rhizome; acorus","Rhizoma Acori Graminei"
"Open Orifices","Open the Orifices","Su He Xiang","蘇合香","resin of rose maloes; styrax","Styrax Liquidus"
"Reg Qi","Regulate Qi","Ba Yue Zha","八月扎","akebia fruit","Akebiae Fructus"
"Reg Qi","Regulate Qi","Chen Pi","陳皮","aged tangerine peel/ citrus","Citri reticulatae Pericarpium"
"Reg Qi","Regulate Qi","Chen Xiang","沉香","aloeswood/ aquilaria wood/ Chinese Eaglewood Wood","Lignum Aquilariae Resinatum"
"Reg Qi","Regulate Qi","Chuan Lian Zi","川楝子","toosendan fruit/ Sichuan chinabery/ Sichuan Pagoda tree","Meliae Toosendan Fructus"
"Reg Qi","Regulate Qi","Da Fu Pi","大腹皮","areca husk/ areca peel","Arecae Pericarpium"
"Reg Qi","Regulate Qi","Fo Shou","佛手","finger citron fruit/ Buddha's hand","Citri sarcodactylis Fructus"
"Reg Qi","Regulate Qi","Gan Song","干松","nardostachys root","Nardostachydis Radix seu Rhizoma"
"Reg Qi","Regulate Qi","Hua Ju Hong","化橘紅","pomelo flavedo/ Huazhou pomelo rind","Citri grandis Exocarpium rubrum"
"Reg Qi","Regulate Qi","Ju Hong","橘紅","red tangerin peel","Citri reticulatae Expocarpium rubrum"
"Reg Qi","Regulate Qi","Li Zhi He","茘枝核","leechee nut/ lychee pip","Litchi Semen"
"Reg Qi","Regulate Qi","Mu Xiang","木香","costus root/ saussurea/ auklandia","Aucklandiae Radix"
"Reg Qi","Regulate Qi","Qing Pi","青皮","unripe tangerine peel/ green tangerine peel/ blue citrus","Citri reticulatae viride Pericarpium"
"Reg Qi","Regulate Qi","Shi Di","柿蒂","persimmon calyx/ kaki","Kaki Calyx"
"Reg Qi","Regulate Qi","Tan Xiang","檀香","sandalwood/ santalum","Lignum albi Lignum"
"Reg Qi","Regulate Qi","Wu Yao","烏藥","lindera root","Radix Linderae Strychnifolii"
"Reg Qi","Regulate Qi","Xiang Fu","香附","cyperus/ nut-grass rhizome","Cyperi Rhizoma"
"Reg Qi","Regulate Qi","Xiang Yuan","香櫞","citron","Citri Fructus"
"Reg Qi","Regulate Qi","Xie Bai","薤白","Chinese garlic/ garlic chives","Allii macrostemi Bulbus"
"Reg Qi","Regulate Qi","Zhi Ke","枳殼","bitter orange","Aurantii Fructus"
"Stop Bleeding","Stop Bleeding","Zhi Shi","枳實","unripe bitter orange/ chih-shih","Aurantii Fructus immaturus"
"Stop Bleeding","Stop Bleeding","Ai Ye","艾葉","mugwort leaf/ artemesia leaf","Folium Artemesiae Argyi"
"Stop Bleeding","Stop Bleeding","Bai Ji","白芨","bletilla rhizome","Rhizoma Bletillae Striatae/ Bletillae Rhizoma"
"Stop Bleeding","Stop Bleeding","Bai Mao Gen","白茅根","rhizome of woolly grass/ imperata/ white grass/ imperata rhizome","Imperatae Rhizoma"
"Stop Bleeding","Stop Bleeding","Ce Bai Ye","側柏葉","leafy twig of arborvitae/ biota leaves/ Oriental arborvitae leafy twig/ arborvitae/ Chinese arborvit","Cacumen Biotae Orientalis/ Platycladi Cacumen"
"Stop Bleeding","Stop Bleeding","Di Yu","地榆","burnet-bloodwort root/ sanguisorba","Radix Sanguisorbae Officinalis/ Sanguisorbae Radix"
"Stop Bleeding","Stop Bleeding","Fu Long Gan","伏龍肝","ignited yellow earth","Terra Flava Usta"
"Stop Bleeding","Stop Bleeding","Hua Rui Shi","花蕊石","ophicalcite","Ophicalcitum"
"Stop Bleeding","Stop Bleeding","Huai Hua Mi","槐花米","pagoda tree flower (bud)/ sophora flower (bud)","Flos Sophorae Japonicae Immaturus/ Sophorae Flos immaturus"
"Stop Bleeding","Stop Bleeding","Huai Jiao","槐角","sophora fruit","Sophorae Fructus"
"Stop Bleeding","Stop Bleeding","Jiang Xiang","降香","Dalbergia heartwood/ scented rosewood","Lignum Dalbergiae Odoriferai"
"Stop Bleeding","Stop Bleeding","Lian Fang","蓮房","lotus receptacle/ lotus peduncle","Nelumbinis Receptaculum"
"Stop Bleeding","Stop Bleeding","Ou Jie","藕節","lotus rhizome node","Nodus Nelumbinis Nuciferae/ Nelumbinis Nodus rhizomatis"
"Stop Bleeding","Stop Bleeding","Pu Huang","蒲黃","cattail pollen/ bulrush/ typha pollen","Pollen Typhae/ Typhae Pollen"
"Stop Bleeding","Stop Bleeding","Qian Cao Gen","茜草根","madder root/ rubia root","Radix Rubiae Cordifoliae/ Rubiae Radix"
"Stop Bleeding","Stop Bleeding","San Qi","三七","notoginseng root/ pseudoginseng root","Notoginseng Radix"
"Stop Bleeding","Stop Bleeding","Shao Yao","芍藥"," "," "
"Stop Bleeding","Stop Bleeding","Xian He Cao","仙鶴草","agrimony","Herba Agrimoniae Pilosae/ Agrimoniae Herba"
"Stop Bleeding","Stop Bleeding","Xiao Ji","小薊","small thistle/ field thistle/ cephalanoplos","Herba Cephanoplos./ Cirsii Herba"
"Stop Bleeding","Stop Bleeding","Xue Yu Tan","血餘炭","charred human hair","Crinis carbonisatus"
"Stop Bleeding","Stop Bleeding","Zao Xin Tu","竈心土","oven earth/ ignited yellow earth","Terra flava usta"
"Stop Bleeding","Stop Bleeding","Zhu Ma Gen","苧麻根","ramie root","Boehmeriae Radix"
"Stop Bleeding","Stop Bleeding","Zi Zhu","紫珠","beauty-berry leaf/ callicarpa leaf","Callicarpae formosanae Folium"
"Stop Bleeding","Stop Bleeding","Zong Lu Pi","棕櫚皮","trachycarpus stiple fiber","Fibra Stipulae Trachycarpi/ Trachycarpi Petiolus"
"Reg Blood","Invigorate the Blood","Chi Shao","赤芍","red peony root","Radix Peoniae Rubrae/ Peoniae Radix rubra"
"Reg Blood","Invigorate the Blood","Chong Wei Zi","茺蔚子","leonurus fruit","Leonuri Fructus"
"Reg Blood","Invigorate the Blood","Chuan Niu Xi","川牛膝","cyathula root","Cyathulae Radix"
"Reg Blood","Invigorate the Blood","Chuan Shan Jia","穿山甲","pangolin scales; anteater scales","Squama Manitis Pentadactylae"
"Reg Blood","Invigorate the Blood","Chuan Xiong","川芎","Sichuan lovage root/ cnidium/ chuanxiong root","Rhizoma Ligustici Chuanxiong/ Rhizoma Chuanxiong"
"Reg Blood","Invigorate the Blood","Dan Shen","丹蔘","salvia root","Radix Salviae Miltiorrhizae/ Salviae miltiorrhizae Radix"
"Reg Blood","Invigorate the Blood","E Zhu","莪术","curcuma rhizome","Curcumae Rhizoma"
"Reg Blood","Invigorate the Blood","Gan Qi","乾漆","lacquer","Lacca Sinica Exsiccatae/ Toxicodendri Resina"
"Reg Blood","Invigorate the Blood","Hong Hua","紅花","safflower flower/ carthamus","Carthami Flos"
"Reg Blood","Invigorate the Blood","Hu Zhang","虎杖","bushy knotweed rhizome/ giant knotweed","Polygoni cuspidati Rhizoma"
"Reg Blood","Invigorate the Blood","Huai Niu Xi","懷牛膝","achyranthes root","Archyanthis bidentatae Radix"
"Reg Blood","Invigorate the Blood","Ji Xue Teng","鷄血藤","spatholobus or millettia root and vine","Spatholobi Caulis"
"Reg Blood","Invigorate the Blood","Jiang Huang","薑黄","turmeric rhizome","Rhizoma Curcumae Longae/ Curcumae longae Rhizoma"
"Reg Blood","Invigorate the Blood","Lu Lu Tong","路路通","liquidambar fruit/ sweetgum fruit","Liquidamberis Fructus"
"Reg Blood","Invigorate the Blood","Ma Bian Cao","馬鞭草","verbena/ European verbena/ iron herb","Verbenae Herba"
"Reg Blood","Invigorate the Blood","Mo Yao","没藥","myrrh","Myrrha"
"Reg Blood","Invigorate the Blood","Ru Xiang","乳香","frankincense/ gum olibanum/ mastic","Olibanum"
"Reg Blood","Invigorate the Blood","San Leng","三棱","sparganium/ burr reed rhizome/ scirpus/ common burr reed","Sparganii Rhizoma"
"Reg Blood","Invigorate the Blood","Shui Zhi","水蛭","leech","Hirudo"
"Reg Blood","Invigorate the Blood","Su Mu","蘇木","sappan wood","Sappan Lignum"
"Reg Blood","Invigorate the Blood","Tao Ren","桃仁","peach kernel/ persica","Persicae Semen"
"Reg Blood","Invigorate the Blood","Tu Bie Chong","土龞蟲","Wingless cockroach/ ground beetle/ eupolyphaga","Eupolyphaga/Steleophaga"
"Reg Blood","Invigorate the Blood","Wang Bu Liu Xing","王不留行","vaccaria seeds","Vaccariae Semen"
"Reg Blood","Invigorate the Blood","Wu Ling Zhi","五靈脂","flying squirrel feces/ pteropus","Trogopterori Faeces"
"Reg Blood","Invigorate the Blood","Yan Hu Suo","延胡索","corydalis rhizome","Rhizoma Corydalis Yanhusuo/ Corydalis Rhizoma"
"Reg Blood","Invigorate the Blood","Yi Mu Cao","益母草","Chinese motherwort/ leonurus","Herba Leonuri Heterophylae/ Leonuri Herba"
"Reg Blood","Invigorate the Blood","Yu Jin","鬱金(郁金)","turmeric tuber/ curcuma tuber","Tuber Curcumae/ Curcumae Radix"
"Reg Blood","Invigorate the Blood","Yue Ji Hua","月季花","partially-opened flower of Chinese tea rose","Flos et Fructus Rosae Chinensis"
"Reg Blood","Invigorate the Blood","Ze Lan","澤蘭","bugleweed/ lycopos","Herba Lycopi Lucidi/ Lycopi Herba"
"Reg Blood","Invigorate the Blood","Zhi Huang Qi","炙黃蓍"," "," "
"Acrid-Warm Rel Ext","Warm Acrid Herbs that Release Exterior","Bai Zhi","白芷","angelica root","Radix Angelicae Dahuricae"
"Acrid-Warm Rel Ext","Warm Acrid Herbs that Release Exterior","Cang Er Cao","蒼耳草","xanthium/ cockleburr","Xanthii Herba"
"Acrid-Warm Rel Ext","Warm Acrid Herbs that Release Exterior","Cang Er Zi","蒼耳子","cockleburr fruit/ xanthium","Fructus Xanthii Sibirici"
"Acrid-Warm Rel Ext","Warm Acrid Herbs that Release Exterior","Cong Bai","蔥白","scallion/ green onion/ spring onion","Bulbus Allii Fistulosi"
"Acrid-Warm Rel Ext","Warm Acrid Herbs that Release Exterior","E Bu Shi Cao","鵝不食草","small centipeda herb","Centipedae Herba"
"Acrid-Warm Rel Ext","Warm Acrid Herbs that Release Exterior","Fang Feng","防風","saposhnikovia root/ ledebouriella root/ siler","Radix Ledebouriellae Divaricatae"
"Acrid-Warm Rel Ext","Warm Acrid Herbs that Release Exterior","Gao Ben","藁本","Chinese lovage root/ ligusticum root/ kao-ben","Rhizoma et Radix Ligustici"
"Acrid-Warm Rel Ext","Warm Acrid Herbs that Release Exterior","Gui Zhi","桂枝","(Saigon) cinnamon twig/ cassia twig","Ramulus Cinnamomi Cassiae"
"Acrid-Warm Rel Ext","Warm Acrid Herbs that Release Exterior","Jing Jie","荊芥","schizonepeta stem or bud","Herba seu Flos Schizonepetae Tenuifoliae"
"Acrid-Warm Rel Ext","Warm Acrid Herbs that Release Exterior","Ma Huang","麻黃","ephedra stem","Herba Ephedrae"
"Acrid-Warm Rel Ext","Warm Acrid Herbs that Release Exterior","Qiang Huo","羌活","notopterygium root/ chiang-huo","Rhizoma et Radix Notopterygii"
"Acrid-Warm Rel Ext","Warm Acrid Herbs that Release Exterior","Qing Jiu","清酒"," "," "
"Acrid-Warm Rel Ext","Warm Acrid Herbs that Release Exterior","Sheng Jiang","生薑","fresh ginger rhizome","Rhizoma Zingiberis Officinalis Recens"
"Acrid-Warm Rel Ext","Warm Acrid Herbs that Release Exterior","Wei Jiang","煨薑"," "," "
"Acrid-Warm Rel Ext","Warm Acrid Herbs that Release Exterior","Xi He Liu","西河柳","tamarisk stems and leaves","Tamaricis Cacumen"
"Acrid-Warm Rel Ext","Warm Acrid Herbs that Release Exterior","Xi Xin","細辛","Chinese wild ginger/ asarum","Herba cum Radice Asari"
"Acrid-Warm Rel Ext","Warm Acrid Herbs that Release Exterior","Xiang Ru","香薷","aromatic madder/ elsholtzia/ molsa/ summer ma huang","Herba Elsholtziae seu Moslae"
"Acrid-Warm Rel Ext","Warm Acrid Herbs that Release Exterior","Xin Yi Hua","辛夷花","magnolia flower","Flos Magnoliae"
"Acrid-Warm Rel Ext","Warm Acrid Herbs that Release Exterior","Zi Su Ye","紫蘇葉(紫苏叶)","perilla leaf","Folium Perillae Frutescentis"
"Acrid-Cool Rel Ext","Cool/ Acrid Herbs that Release Exterior ","Bai Ju Hua","白菊花","White Chrysanthemum Flower","Chrysanthemi Flos"
"Acrid-Cool Rel Ext","Cool/ Acrid Herbs that Release Exterior ","Bo He","薄荷","field mint/ mentha","Herba Menthae Haplocalycis"
"Acrid-Cool Rel Ext","Cool/ Acrid Herbs that Release Exterior ","Chai Hu","柴胡","hare's ear root/ thorowax root/ bupleurum","Radix Bupleuri"
"Acrid-Cool Rel Ext","Cool/ Acrid Herbs that Release Exterior ","Chan Tui","蟬蛻","cicada molting","Periostracum Cicadae"
"Acrid-Cool Rel Ext","Cool/ Acrid Herbs that Release Exterior ","Da Dou Juan","大豆卷","young soybean sprout/ dried soybean sprout","Sojae Semen germinatum"
"Acrid-Cool Rel Ext","Cool/ Acrid Herbs that Release Exterior ","Dan Dou Chi","淡豆豉","prepared soybean","Semen Sojae Praeparatae"
"Acrid-Cool Rel Ext","Cool/ Acrid Herbs that Release Exterior ","Fu Ping","浮萍","spirodela/ duckwed","Spirodelae Herba"
"Acrid-Cool Rel Ext","Cool/ Acrid Herbs that Release Exterior ","Ge Gen","葛根","kudzu root/ pueraria","Radix Puerariae"
"Acrid-Cool Rel Ext","Cool/ Acrid Herbs that Release Exterior ","Ju Hua","菊花","chrysanthemum flower","Flos Chrysanthemi Morifolii"
"Acrid-Cool Rel Ext","Cool/ Acrid Herbs that Release Exterior ","Man Jing Zi","蔓荊子","vitex fruit/ vitex seed","Fructus Viticis"
"Acrid-Cool Rel Ext","Cool/ Acrid Herbs that Release Exterior ","Mu Zei","木賊","scouring rush/ shave grass/ equisetum","Herba Equiseti Hiemalis"
"Acrid-Cool Rel Ext","Cool/ Acrid Herbs that Release Exterior ","Niu Bang Zi","牛蒡子","great burdock fruit/ arctium","Fructus Arctii Lappae"
"Acrid-Cool Rel Ext","Cool/ Acrid Herbs that Release Exterior ","Sang Ye","桑葉","white mulberry leaf","Folium Mori Albae"
"Acrid-Cool Rel Ext","Cool/ Acrid Herbs that Release Exterior ","Sheng Ma","升麻","bugbane rhizome/ cimicifuga/ black cohosh rhizome","Rhizoma Cimicifugae"
"Tx Food Stag","Relieve Food Stagnation","Dao Ya","稻芽","rice sprouts","Oryzae Fructus germinatus"
"Tx Food Stag","Relieve Food Stagnation","Gu Ya","榖芽","grain sprouts","Setariae (Oryzae) Fructus germinatus"
"Tx Food Stag","Relieve Food Stagnation","Ji Nei Jin","鷄内金","gizzard lining","Gigeriae galli Endothelium corneum"
"Tx Food Stag","Relieve Food Stagnation","Lai Fu Zi","萊菔子","radish seed/ raphanus","Raphani Semen"
"Tx Food Stag","Relieve Food Stagnation","Mai Ya","麥芽","barley sprout/ malt","Hordei Fructus germinatus"
"Tx Food Stag","Relieve Food Stagnation","Shan Zha","山楂","crataegus fruit/ hawthorn fruit","Crataegi Fructus"
"Tx Food Stag","Relieve Food Stagnation","Shen Qu","神麴","medicated leaven","Massa medicata fermentata"
"Tx Food Stag","Relieve Food Stagnation","Su Ya","粟芽","millet sprouts","Setariae Fructus germinatus"
"Nourish Yin","Nourish Yin","Bai He","百合","lily bulb","Lilii Bulbus"
"Nourish Yin","Nourish Yin","bei sha shen","北沙參","glehnia root","Glehniae Radix"
"Nourish Yin","Nourish Yin","Bie Jia","鱉甲","Chinese soft-shelled turtle shell (dorsal aspect)","Trionycis Carapax"
"Nourish Yin","Nourish Yin","Chu Shi Zi","禇實子","paper mulberry fruit","Broussonetiae Fructus"
"Nourish Yin","Nourish Yin","Gui Ban","龜板","fresh-water turtle plastron/ testudinis/ tortise plastron","Testudinis Plastrum"
"Nourish Yin","Nourish Yin","Han Lian Cao","旱蓮草","eclipta","Herba Ecliptae Prostratae"
"Nourish Yin","Nourish Yin","Hei Zhi Ma","黑芝麻","black sesame seeds","Sesami Semen nigrum"
"Nourish Yin","Nourish Yin","Mai Men Dong","麥門冬","ophiopogon tuber","Ophiopogonis Radix"
"Nourish Yin","Nourish Yin","Mo Han Lian","墨旱蓮","eclipta","Ecliptae Herba"
"Nourish Yin","Nourish Yin","Nan Sha Shen","南沙參","adenophora root","Adenophorae Radix"
"Nourish Yin","Nourish Yin","Nu Zhen Zi","女貞子","privet fruit; ligustrum","Ligustri lucidi Fructus"
"Nourish Yin","Nourish Yin","Sha Shen","沙參","glehnia root","Radix Glehniae"
"Nourish Yin","Nourish Yin","Shi Hu","石斛","dendrobium","Dendrobii Herba"
"Nourish Yin","Nourish Yin","Su Jiu Gui Ban"," ","deep fried plastrum testudinis","Testudinis Plastrum"
"Nourish Yin","Nourish Yin","Su Zhi Gui Ban"," ","Deep Fried Vinegar Turtle Plastron"," "
"Nourish Yin","Nourish Yin","Tian Men Dong","天門冬","asparagus tuber","Asparagi Radix"
"Nourish Yin","Nourish Yin","Xi Yang Shen","西洋参","American ginseng root","Panacis quinquifolii Radix"
"Nourish Yin","Nourish Yin","Yin Er"," ","tremella fruiting body/ wood ear","Tremella"
"Nourish Yin","Nourish Yin","Yu Zhu","玉竹","scented Solomon's seal rhizome/ polygonatum","Polygonati odorati Rhizoma"
"Nourish Blood","Nourish Blood","Bai Shao","白芍","white peony root/ peony","Paeoniae Radix alba"
"Nourish Blood","Nourish Blood","Dang Gui","當歸","tangkuei/ Chinese angelica root","Radix Angelicae Sinensis"
"Nourish Blood","Nourish Blood","E Jiao","阿膠","ass-hide glue/ donkey-hide gelatin/ gelatin","Asini Corii Colla"
"Nourish Blood","Nourish Blood","Gou Qi Zi","枸杞子","lycium fruit/ Chinese wolfberry/ matrimony vine fruit/ goji berry","Lycii Fructus"
"Nourish Blood","Nourish Blood","He Shou Wu","何首烏","fleeceflower root/ floweryknotweed root","Radix Polygoni Multiflori"
"Nourish Blood","Nourish Blood","Long Yan Rou","龍眼肉","flesh of the longan fruit/ longan","Longan Arillus"
"Nourish Blood","Nourish Blood","Sang Shen","桑椹","mullberry/ morus fruit","Mori Fructus"
"Nourish Blood","Nourish Blood","sheng he shou wu"," ","fleeceflower root/ flowery knotweed root","Polygoni multiflori Radix"
"Nourish Blood","Nourish Blood","Shu Di Huang","熟地黄","cooked rehmannia root/ prepared Chinese foxglove root","Rehmanniae Radix preparata"
"Nourish Blood","Nourish Blood","zhi he shou wu"," ","processed fleeceflower root/ processed flowery knotweed root","Polygonia multiflori Radix preparata"
"Augment Qi","Augment Qi","Bai Zhu","白术","(white) atratylodes rhizome/ ovate atractylodes/ angelica root","Radix Atractylodes Macrocephalae"
"Augment Qi","Augment Qi","Chuan Mu Xiang","川木香","dolomiaea root/ common vladimiria root","Dolomiaeae Radix"
"Augment Qi","Augment Qi","Ci Wu Jia","刺五加","Siberian ginseng/ eleutherococcus ginseng/ eleutero/ spiny acanthopanax","Eleutherococci senticosi Radix et Caulis"
"Augment Qi","Augment Qi","Da Zao","大棗","jujube/ Chinese date","Jujubae Fructus"
"Augment Qi","Augment Qi","Dang Shen","黨蔘","codonopsis root","Codonopsis Radix"
"Augment Qi","Augment Qi","Dao Dou","刀豆","sword bean","Canavaliae Semen"
"Augment Qi","Augment Qi","Feng Mi","蜂蜜","Honey","Mel"
"Augment Qi","Augment Qi","Gan Cao","甘草","licorice root","Radix Glycyrrhizae; Glycyrrhizae Radix"
"Augment Qi","Augment Qi","Geng Mi","粳米","hulled or husked/ uncooked non-glutinous rice","Semen Oryzae"
"Augment Qi","Augment Qi","Huang Jing","黃精","polygonatum rhizome/ Siberian Solomon s seal/ polygonati","Polygonati Rhizoma"
"Augment Qi","Augment Qi","Huang Qi","黃耆","astragalus root/ milk-vetch root/ milkvetch root","Astragali Radix"
"Augment Qi","Augment Qi","Jiu Xiang Chong","九香蟲","stinkbug","Aspongopus"
"Augment Qi","Augment Qi","Mei Gui Hua","玫瑰花","rosebud/ bud of Chinese rose","Rosae rugosae Flos"
"Augment Qi","Augment Qi","Ren Shen","人蔘","ginseng root","Ginseng Radix"
"Augment Qi","Augment Qi","sha ji"," ","swallow thorn/ sea buckthorn fruit","Hippophae Fructus"
"Augment Qi","Augment Qi","Shan Yao","山藥","dioscorea rhizome/ Chinese yam","Dioscoreae Rhizoma"
"Augment Qi","Augment Qi","Suo Luo Zi","索羅子","horse chestnut","Aesculi Semen"
"Augment Qi","Augment Qi","Tai Zi Shen","太子蔘","pseudostellaria root","Pseudostellariae Radix"
"Augment Qi","Augment Qi","Tu Mu Xiang","土木香","inula root","Inulae Radix"
"Augment Qi","Augment Qi","Yi Tang","飴糖","malt sugar/ maltose","Maltosum"
"Augment Qi","Augment Qi","Zhi Gan Cao","炙甘草","Honey Prepared Licorice"," "
"Augment Qi","Augment Qi","Zi Su Geng","紫蘇梗(紫苏梗)","perilla stem","Perillae Caulis"
"Invigorate Yang","Warm and Invigorate Yang","Ba Ji Tian","巴戟天","Morinda root","Morindae Officinalis Radix"
"Invigorate Yang","Warm and Invigorate Yang","Bu Gu Zhi","補骨脂","psoralea fruit","Psoraliae Fructus"
"Invigorate Yang","Warm and Invigorate Yang","Dong Chong Xia Cao","冬蟲夏草","cordyceps/ Chinese caterpillar fungus","Cordyceps"
"Invigorate Yang","Warm and Invigorate Yang","Du Zhong","杜仲","eucommia bark","Eucommiae Cortex"
"Invigorate Yang","Warm and Invigorate Yang","Ge Jie","蛤蚧","gecko","Gecko"
"Invigorate Yang","Warm and Invigorate Yang","Gou Ji","狗脊","chain fern/ cibotium rhizome","Cibotii Rhizoma"
"Invigorate Yang","Warm and Invigorate Yang","Gu Sui Bu","骨碎補","drynaria rhizome","Drynariae Rhizoma"
"Invigorate Yang","Warm and Invigorate Yang","Hai Gou Shen","海狗腎","male seal sex organs","Callorhini Testes et Penis"
"Invigorate Yang","Warm and Invigorate Yang","Hai Ma","海馬","sea horse","Hippocampus"
"Invigorate Yang","Warm and Invigorate Yang","Hai Shen","海參","sea cucumber/ sea slug/ trepang","Stichopus"
"Invigorate Yang","Warm and Invigorate Yang","Hu Lu Ba","葫蘆巴","fenugreek seed; trigonella","Trigonellae Semen"
"Invigorate Yang","Warm and Invigorate Yang","Hu Tao Ren","胡桃仁","walnut nut","Semen Juglandis Regiae"
"Invigorate Yang","Warm and Invigorate Yang","Jiu Cai Zi","韮菜子","Chinese leed seeds/ allium seeds","Allii tuberosi Semen"
"Invigorate Yang","Warm and Invigorate Yang","Lu Jiao","鹿角","deer antler glue","Cornu Cervi"
"Invigorate Yang","Warm and Invigorate Yang","Lu Rong","鹿茸","deer antler velvet","Cornu Cervi Parvum"
"Invigorate Yang","Warm and Invigorate Yang","Rou Cong Rong","肉蓯蓉","cistanche; fleshy stem of broomrape","Cistanches Herba"
"Invigorate Yang","Warm and Invigorate Yang","Sh"," "," "," "
"Invigorate Yang","Warm and Invigorate Yang","Sha Yuan Ji Li","沙苑蒺藜","milkvetch seed; astragalus seed/ milk-vetch seed/ milk vetch seed","Semen Cuscutae Chinensis"
"Invigorate Yang","Warm and Invigorate Yang","sha yuan zi","沙苑子","complanate astragalus seed/ flattened milkvetch seed","Astragali complanati Semen"
"Invigorate Yang","Warm and Invigorate Yang","Suo Yang","鎖陽","fleshy stem of cynomorium","Cynomorii Herba"
"Invigorate Yang","Warm and Invigorate Yang","Tu Si Zi","菟絲子","Chinese dodder seeds; cuscuta","Cuscutae Semen"
"Invigorate Yang","Warm and Invigorate Yang","Xian Mao","仙茅","golden eye-grass rhizome; curculigo","Curculiginis Rhizoma"
"Invigorate Yang","Warm and Invigorate Yang","Xu Duan","續斷","Japanese teasel root; dipsacus","Radix Dipsaci Asperi"
"Invigorate Yang","Warm and Invigorate Yang","yang qi shi","陽起石","actinolite","Actinolitum"
"Invigorate Yang","Warm and Invigorate Yang","Yi Zhi Ren","益智仁","alpinia fruit/ black cardamon/ bitter-seeded cardamon","Alpiniae oxyphyllae Fructus"
"Invigorate Yang","Warm and Invigorate Yang","Yin Yang Huo","淫羊藿","aerial parts of epimedium/ horny goat weed","Herba Epimedii; Epimedii Herba"
"Invigorate Yang","Warm and Invigorate Yang","zhong ru shi"," ","tip of tubular stalactites","Stalactitum"
"Invigorate Yang","Warm and Invigorate Yang","Zi He Che","紫河車","human placenta/ placenta","Hominis Placenta"
"Tx Phlegm-Heat","Cool and Transform Phlegm-Heat "," ","trichosanthes seed"," ",
"Tx Phlegm-Heat","Cool and Transform Phlegm-Heat ","Bi Qi","荸薺","water chestnut","Eleocharitis Rhizoma"
"Tx Phlegm-Heat","Cool and Transform Phlegm-Heat ","Chuan Bei Mu","川貝母","Sichuan fritillaria bulb/ tendrilled fritillaria bulb/ fritillaria","Bulbus Fritillariae Cirrhosae"
"Tx Phlegm-Heat","Cool and Transform Phlegm-Heat ","Fu Hai Shi","浮海石","constaziae skeleton","Costaziae Os"
"Tx Phlegm-Heat","Cool and Transform Phlegm-Heat ","Fu Shi","浮石","pumice","Pumex"
"Tx Phlegm-Heat","Cool and Transform Phlegm-Heat ","Ge Qiao (Ge Ke)","蛤殼","clam shell","Meretricis/Cyclinae Concha"
"Tx Phlegm-Heat","Cool and Transform Phlegm-Heat ","Gua Lou","瓜蔞","trichosanthes fruit","Fructus Trichosanthis"
"Tx Phlegm-Heat","Cool and Transform Phlegm-Heat ","Gua Lou Pi","瓜蔞皮","trichosanthes peel","Pericarpium Trichosanthis"
"Tx Phlegm-Heat","Cool and Transform Phlegm-Heat ","Gua Lou Ren","瓜蔞仁","trichosanthes seed","Trichosanthis Semen"
"Tx Phlegm-Heat","Cool and Transform Phlegm-Heat ","Hai Dai","海帶","brown algae","Laminariae Thallus"
"Tx Phlegm-Heat","Cool and Transform Phlegm-Heat ","Hai Zao","海藻","sargassum/ seaweed","Herba Sargassii"
"Tx Phlegm-Heat","Cool and Transform Phlegm-Heat ","Huang Yao Zi","黃藥子","dioscorea bulbifera tuber","Dioscoreae bulbiferae Rhizoma"
"Tx Phlegm-Heat","Cool and Transform Phlegm-Heat ","Jin Meng Shi","金礞石","vermiculite schist","Micae Lapis aureus"
"Tx Phlegm-Heat","Cool and Transform Phlegm-Heat ","Kun Bu","昆布","kelp/ seaweed","Thallus Algae"
"Tx Phlegm-Heat","Cool and Transform Phlegm-Heat ","Ming Dang Shen","明黨參","changium root","Changii Radix"
"Tx Phlegm-Heat","Cool and Transform Phlegm-Heat ","Pang Da Hai","胖大海","sterculia seed","Sterculiae lychnophorae Semen"
"Tx Phlegm-Heat","Cool and Transform Phlegm-Heat ","Qian Hu","前胡","peucedanum root/ hogfennel root","Radix Peucedani"
"Tx Phlegm-Heat","Cool and Transform Phlegm-Heat ","Qing Meng Shi","青礞石","chlorite","Chloriti Lapis"
"Tx Phlegm-Heat","Cool and Transform Phlegm-Heat ","Tian Zhu Huang","天竺黃","bamboo sugar/ tabasheer/ siliceous secretions of bamboo","Bambusae Concretio silicea"
"Tx Phlegm-Heat","Cool and Transform Phlegm-Heat ","Ze Qi","澤漆","sun spurge/ euphorbia","Euphorbiae helioscopiae Herba"
"Tx Phlegm-Heat","Cool and Transform Phlegm-Heat ","Zhe Bei Mu","浙貝母","Zheijiang fritillaria bulb/ Thunberg fritillaria bulb/ fritillaria","Bulbus Fritillariae Thunbergii"
"Tx Phlegm-Heat","Cool and Transform Phlegm-Heat ","Zhu Li","竹瀝","bamboo sap (dried)","Bambusae Succus"
"Tx Phlegm-Heat","Cool and Transform Phlegm-Heat ","Zhu Ru","竹茹","bamboo shavings","Caulis Bambusae in Taeniis"
"Tx Cold Phlegm","Warm and Transform Cold Phlegm","Bai Fu Zi","白附子","prepared typhomium rhizome","Rhizoma Typhonii"
"Tx Cold Phlegm","Warm and Transform Cold Phlegm","Bai Jie Zi","白芥子","white mustard seed","Semen Sinapis Albae"
"Tx Cold Phlegm","Warm and Transform Cold Phlegm","Bai Qian","白前","cyanchum root and rhizome","Radix et Rhizoma Cynanchi Baiqian"
"Tx Cold Phlegm","Warm and Transform Cold Phlegm","Ban Xia","半夏","pinellia rhizome/ pinellia tuber","Rhizoma Pinelliae Ternatae"
"Tx Cold Phlegm","Warm and Transform Cold Phlegm","Jie Geng","桔梗","baloon flower root/ platycodon root","Radix Platycodi Grandifolii"
"Tx Cold Phlegm","Warm and Transform Cold Phlegm","Tian Nan Xing","天南星","jack-in-the-pulpit rhizome/ arisaema","Rhizoma Arisaematis"
"Tx Cold Phlegm","Warm and Transform Cold Phlegm","Xuan Fu Hua","旋覆花","inula flower","Flos Inulae"
"Tx Cold Phlegm","Warm and Transform Cold Phlegm","Zao Jia","皂角","gleditsia fruit/ Chinese honeylocust fruit","Gleditsiae Fructus"
"Tx Cold Phlegm","Warm and Transform Cold Phlegm","Zao Jiao Ci","皂角刺","heavenly nail/ gleditsia thorn","Gleditsiae Spina"
"Tx Cold Phlegm","Warm and Transform Cold Phlegm","Zhi Bai Fu Zi","製白附子","prepared typhonium rhizome","Typhonii Rhizoma preparatum"
"Tx Cold Phlegm","Warm and Transform Cold Phlegm","Zhi Ban Xia","製半夏","pinellia rhizome","Pinelliae Rhizoma preparatum"
"Tx Cold Phlegm","Warm and Transform Cold Phlegm","Zhi Guan Bai Fu","製關白附","prepared Korean aconite","Aconiti coreani Radix preparata"
"Tx Cold Phlegm","Warm and Transform Cold Phlegm","Zhi Tian Nan Xing","製天南星","prepared arisaema rhizome/ jack-in-the-pulpit","Arisaematis Rhizoma preparatum"
"Stop Cough","Stop Cough and Wheezing ","Bai Bu","百部","stemona root","Radix Stemonae"
"Stop Cough","Stop Cough and Wheezing ","Gua Di","瓜蒂","melon stalk","Melo Pedicellus"
"Stop Cough","Stop Cough and Wheezing ","Kuan Dong Hua","款冬花","coltsfoot/ tussilago flower","Flos Tussilaginis Farfare"
"Stop Cough","Stop Cough and Wheezing ","Li Lu","藜蘆","veratrum root and rhizome","Veratri nigri Radix et Rhizoma"
"Stop Cough","Stop Cough and Wheezing ","Luo Han Guo","羅漢果","momordica fruit/ Grosvenor's momordica fruit","Momordicae Fructus"
"Stop Cough","Stop Cough and Wheezing ","Ma Dou Ling","馬兜鈴","birthwort fruit/ aristolochia fruit","Fructus Aristolochiae"
"Stop Cough","Stop Cough and Wheezing ","Meng Shi","礞石","lapis stone","Lapis Micae seu Chloriti"
"Stop Cough","Stop Cough and Wheezing ","Mu Hu Die","木蝴蝶","oroxylum seeds","Oroxyli Semen"
"Stop Cough","Stop Cough and Wheezing ","Pi Pa Ye","枇杷葉","loquat leaf/ eriobotrya","Folium Eriobotryae Japonicae"
"Stop Cough","Stop Cough and Wheezing ","Sang Bai Pi","桑白皮","mulberry root bark/ morus bark","Cortex Mori Albae Radicis"
"Stop Cough","Stop Cough and Wheezing ","Ting Li Zi","葶藶子","tingli seed/ descurainia seed/ lepidium seed","Semen Descurainiae seu Lepidii"
"Stop Cough","Stop Cough and Wheezing ","Xing Ren","杏仁","apricot seed or kernel","Semen Pruni Armeniacae"
"Stop Cough","Stop Cough and Wheezing ","Zi Jin Niu","紫金牛","Japanese ardisia","Ardisiae japonicae Herba"
"Stop Cough","Stop Cough and Wheezing ","Zi Su Zi","紫蘇子","purple perilla fruit/ perilla seed","Fructus Perillae Frutiscentis"
"Stop Cough","Stop Cough and Wheezing ","Zi Wan","紫苑","aster root/ purple aster","Radix Asteris Tatarici"
"Warm Int/ Expel Cold","Warm the Interior and Expel Cold ","Bi Ba","蓽菝","long pepper fruit","Piperis Longi Fructus"
"Warm Int/ Expel Cold","Warm the Interior and Expel Cold ","Bi Cheng Qie","蓽荿茄","cubeb fruit","Litseae Fructus"
"Warm Int/ Expel Cold","Warm the Interior and Expel Cold ","Cao Wu","草烏","wild aconite","Radix Aconiti Kusnezoffii"
"Warm Int/ Expel Cold","Warm the Interior and Expel Cold ","Chuan Jiao","川椒","fruit of Sichuan pepper/ Chinese prickly-ash/ zanthoxylum","Pericarpium Zanthoxyli Bungeani"
"Warm Int/ Expel Cold","Warm the Interior and Expel Cold ","Chuan Wu","川烏","Sichuan aconite main root","Radix Aconiti Carmichaeli"
"Warm Int/ Expel Cold","Warm the Interior and Expel Cold ","Ding Xiang","丁香","clove","Caryophylli Flos"
"Warm Int/ Expel Cold","Warm the Interior and Expel Cold ","Fu Zi","附子","Prepared daughter root of Sichuan aconite","Radix Lateralis Aconiti Carmichaeli Praeparata"
"Warm Int/ Expel Cold","Warm the Interior and Expel Cold ","Gan Jiang","乾姜","dried ginger rhizome","Zingiberis Rhizoma"
"Warm Int/ Expel Cold","Warm the Interior and Expel Cold ","Gao Liang Jiang","高良姜","lesser galangal rhizome/ galanga","Alpiniae officinarum Rhizoma"
"Warm Int/ Expel Cold","Warm the Interior and Expel Cold ","Guan Gui","官桂","Cinnamon bark/ inner bark of Siagon cinnamon","Cinnamomi Cortex"
"Warm Int/ Expel Cold","Warm the Interior and Expel Cold ","Hu Jiao","胡椒","pepper","Piperis Fructus"
"Warm Int/ Expel Cold","Warm the Interior and Expel Cold ","Hua Jiao","花椒","Sichuan pepper/ zanthoxylum/ Chinese prickly-ash","Zanthoxyli Pericarpium"
"Warm Int/ Expel Cold","Warm the Interior and Expel Cold ","Rou Gui","肉桂","inner bark of Saigon cinnamon/ cinnamon bark","Cinnamomi Cortex"
"Warm Int/ Expel Cold","Warm the Interior and Expel Cold ","Wu Zhu Yu","吳茱萸","evodia fruit","Fructus Evodiae Rutaecarpae"
"Warm Int/ Expel Cold","Warm the Interior and Expel Cold ","Xiao Hui Xiang","小茴香","fennel fruit","Foeniculi Fructus"
"Warm Int/ Expel Cold","Warm the Interior and Expel Cold ","Zhi Cao Wu","製草烏","processed wild aconite root","Aconiti Kusnezoffii Radix Praeparatae"
"Warm Int/ Expel Cold","Warm the Interior and Expel Cold ","Zhi Chuan Wu","製川烏","processed Sichuan aconite main root","Aconiti Radix preparata"
"Warm Int/ Expel Cold","Warm the Interior and Expel Cold ","Zhi Fu Zi","製附子","processed aconite accessory root/ daughter root of Sichuan aconite","Aconiti Radix lateralis preparata"
